kernel,n,lang,best_ms,median_ms,output,agree,repeats,rss_kb,bin_kb,build_ms,timeout_s
intloop,50000000,c,134.4,134.5,723378784,1,5,2164,15.7,26.9,
intloop,50000000,cpp,135.1,135.9,723378784,1,5,4388,15.7,43.0,
intloop,50000000,rust,144.3,144.4,723378784,1,5,2320,3727.8,638.8,
intloop,50000000,go,134.9,134.9,723378784,1,5,3456,2365.6,134.8,
intloop,50000000,csharp,150.8,151.3,723378784,1,5,24908,4.5,774.9,
intloop,50000000,java,146.4,147.2,723378784,1,5,43568,0.7,265.7,
intloop,50000000,node,717.9,719.1,723378784,1,5,51564,,,
intloop,50000000,python,3649.3,3696.9,723378784,1,5,9684,,,
intloop,50000000,tulpar,134.6,134.6,723378784,1,5,2688,1402.4,59.7,
fib,32,c,1.6,1.7,2178309,1,5,2316,15.7,35.5,
fib,32,cpp,1.8,1.9,2178309,1,5,4340,15.7,49.5,
fib,32,rust,3.7,3.7,2178309,1,5,2424,3727.8,66.3,
fib,32,go,6.7,6.8,2178309,1,5,3556,2365.8,15.1,
fib,32,csharp,20.5,20.9,2178309,1,5,24264,4.5,639.2,
fib,32,java,12.8,13.0,2178309,1,5,43328,0.7,177.5,
fib,32,node,24.5,25.5,2178309,1,5,49716,,,
fib,32,python,142.1,144.2,2178309,1,5,9400,,,
fib,32,tulpar,0.4,0.5,2178309,1,5,2560,1402.4,60.1,
sieve,5000000,c,7.8,8.0,348513,1,5,21608,15.8,23.2,
sieve,5000000,cpp,8.0,8.1,348513,1,5,23544,16.2,76.5,
sieve,5000000,rust,8.2,8.4,348513,1,5,22028,3727.8,78.0,
sieve,5000000,go,8.1,8.8,348513,1,5,24180,2367.0,15.4,
sieve,5000000,csharp,21.6,21.7,348513,1,5,44176,4.5,626.6,
sieve,5000000,java,20.9,21.5,348513,1,5,67988,0.7,176.5,
sieve,5000000,node,28.3,29.3,348513,1,5,71508,,,
sieve,5000000,python,457.0,465.6,348513,1,5,48452,,,
sieve,5000000,tulpar,7.9,8.2,348513,1,5,22340,1402.4,69.2,
strcat,2000000,c,37.8,37.9,7780000 2000000,1,5,9924,15.9,32.1,
strcat,2000000,cpp,14.7,15.4,7780000 2000000,1,5,13036,16.6,104.2,
strcat,2000000,rust,19.6,19.9,7780000 2000000,1,5,10652,3731.9,90.0,
strcat,2000000,go,24.6,24.9,7780000 2000000,1,5,27264,2380.0,42.6,
strcat,2000000,csharp,30.4,32.4,7780000 2000000,1,5,57712,5.0,613.7,
strcat,2000000,java,32.9,33.9,7780000 2000000,1,5,73572,1.5,182.5,
strcat,2000000,node,102.1,108.6,7780000 2000000,1,5,170052,,,
strcat,2000000,python,203.9,205.6,7780000 2000000,1,5,142328,,,
strcat,2000000,tulpar,13.4,13.5,7780000 2000000,1,5,25412,1402.5,61.5,
arrayiter,5000000,c,2.2,2.5,12499997500000,1,5,41104,15.8,23.1,
arrayiter,5000000,cpp,3.3,3.9,12499997500000,1,5,43048,16.2,76.7,
arrayiter,5000000,rust,1.5,1.8,12499997500000,1,5,41528,3731.8,74.9,
arrayiter,5000000,go,4.0,4.2,12499997500000,1,5,44644,2365.6,15.1,
arrayiter,5000000,csharp,18.2,18.5,12499997500000,1,5,64024,4.5,622.2,
arrayiter,5000000,java,18.4,21.8,12499997500000,1,5,90528,0.7,177.6,
arrayiter,5000000,node,18.8,20.2,12499997500000,1,5,91272,,,
arrayiter,5000000,python,484.7,489.3,12499997500000,1,5,205480,,,
arrayiter,5000000,tulpar,1.1,1.2,12499997500000,1,5,22488,1402.4,74.2,
mandelbrot,2000,c,158.7,158.8,97631088,1,5,2248,15.7,24.2,
mandelbrot,2000,cpp,159.1,159.3,97631088,1,5,4380,15.7,38.0,
mandelbrot,2000,rust,155.6,155.9,97631088,1,5,2316,3727.8,123.0,
mandelbrot,2000,go,155.5,155.7,97631088,1,5,3556,2365.5,14.9,
mandelbrot,2000,csharp,170.6,170.9,97631088,1,5,24476,5.0,618.2,
mandelbrot,2000,java,171.6,172.7,97631088,1,5,44272,1.0,175.9,
mandelbrot,2000,node,174.3,175.2,97631088,1,5,53716,,,
mandelbrot,2000,python,16903.0,17522.9,97631088,1,5,9588,,,
mandelbrot,2000,tulpar,158.2,158.4,97631088,1,5,2592,1402.4,61.9,
matmul,640,c,30.7,30.9,3027049920,1,5,11920,15.8,38.2,
matmul,640,cpp,30.9,31.7,3027049920,1,5,13612,16.3,96.3,
matmul,640,rust,36.0,36.3,3027049920,1,5,11920,3731.8,86.7,
matmul,640,go,81.8,84.5,3027049920,1,5,16164,2371.7,15.1,
matmul,640,csharp,105.5,106.5,3027049920,1,5,34916,5.0,623.5,
matmul,640,java,74.2,74.7,3027049920,1,5,61168,1.0,187.2,
matmul,640,node,171.0,174.0,3027049920,1,5,64940,,,
matmul,640,python,18976.7,19297.7,3027049920,1,5,57952,,,
matmul,640,tulpar,37.2,37.5,3027049920,1,5,12508,1410.4,104.2,
nbody,3000000,c,114.7,114.9,-169019082,1,5,2248,16.1,46.5,
nbody,3000000,cpp,115.1,115.3,-169019082,1,5,4336,16.1,131.7,
nbody,3000000,rust,114.7,115.0,-169019082,1,5,2512,3736.2,84.8,
nbody,3000000,go,151.5,151.6,-169019082,1,5,3564,2372.5,15.7,
nbody,3000000,csharp,282.3,282.6,-169019082,1,5,24844,7.0,633.7,
nbody,3000000,java,122.8,123.7,-169019082,1,5,45192,2.5,194.8,
nbody,3000000,node,185.5,187.4,-169019082,1,5,54104,,,
nbody,3000000,python,10999.1,11222.1,-169019082,1,5,10048,,,
nbody,3000000,tulpar,187.3,188.0,-169019082,1,5,3056,1474.7,500.9,
hashmap,1000000,c,68.2,90.9,1000000 499999500000,1,5,66128,15.9,41.0,
hashmap,1000000,cpp,274.1,276.0,1000000 499999500000,1,5,77792,17.2,158.1,
hashmap,1000000,rust,386.7,429.2,1000000 499999500000,1,5,132504,3758.4,111.5,
hashmap,1000000,go,188.5,210.1,1000000 499999500000,1,5,103316,2365.5,14.6,
hashmap,1000000,csharp,248.9,258.6,1000000 499999500000,1,5,190968,5.0,644.2,
hashmap,1000000,java,180.2,183.1,1000000 499999500000,1,5,221352,1.6,195.9,
hashmap,1000000,node,349.8,393.2,1000000 499999500000,1,5,138084,,,
hashmap,1000000,python,493.1,496.9,1000000 499999500000,1,5,117968,,,
hashmap,1000000,tulpar,183.4,196.5,1000000 499999500000,1,5,450000,1402.5,68.9,
qsort,1000000,c,57.4,57.7,0 500621 999999 735541235 0,1,5,6300,15.8,33.9,
qsort,1000000,cpp,58.7,59.6,0 500621 999999 735541235 0,1,5,7892,16.3,88.0,
qsort,1000000,rust,57.4,57.5,0 500621 999999 735541235 0,1,5,6252,3731.9,91.1,
qsort,1000000,go,58.9,59.4,0 500621 999999 735541235 0,1,5,9872,2370.3,14.7,
qsort,1000000,csharp,119.6,121.0,0 500621 999999 735541235 0,1,5,30184,5.0,659.6,
qsort,1000000,java,89.2,91.1,0 500621 999999 735541235 0,1,5,53312,1.5,195.7,
qsort,1000000,node,105.8,106.7,0 500621 999999 735541235 0,1,5,58336,,,
qsort,1000000,python,1107.8,1158.5,0 500621 999999 735541235 0,1,5,48720,,,
qsort,1000000,tulpar,122.8,122.9,0 500621 999999 735541235 0,1,5,6848,1414.6,123.2,
particles,1000000,c,42.1,42.7,345506039590,1,5,33564,15.8,33.3,
particles,1000000,cpp,42.5,43.2,345506039590,1,5,35328,16.2,108.4,
particles,1000000,rust,36.2,36.7,345506039590,1,5,33728,3736.2,89.3,
particles,1000000,go,60.1,60.3,345506039590,1,5,38712,2367.8,16.3,
particles,1000000,csharp,60.3,60.8,345506039590,1,5,56700,5.0,631.6,
particles,1000000,java,86.2,86.5,345506039590,1,5,113184,1.4,187.5,
particles,1000000,node,284.4,290.3,345506039590,1,5,201608,,,
particles,1000000,python,7057.8,7203.5,345506039590,1,5,205908,,,
particles,1000000,tulpar,52.6,52.9,345506039590,1,5,35136,1406.3,73.2,
callfn,20000000,c,92.1,92.6,336713,1,5,2276,15.8,23.5,
callfn,20000000,cpp,92.3,92.4,336713,1,5,4216,15.8,37.1,
callfn,20000000,rust,58.5,59.1,336713,1,5,2660,3727.9,70.2,
callfn,20000000,go,64.9,67.6,336713,1,5,3560,2365.8,15.5,
callfn,20000000,csharp,167.2,167.6,336713,1,5,25008,5.0,633.0,
callfn,20000000,java,76.2,78.0,336713,1,5,44764,1.5,209.5,
callfn,20000000,node,128.8,130.3,336713,1,5,51052,,,
callfn,20000000,python,1593.2,1613.3,336713,1,5,9508,,,
callfn,20000000,tulpar,170.1,174.9,336713,1,5,2904,1402.5,65.4,
parse,5000000,c,56.0,57.1,5000000 249997500000,1,5,32896,15.9,30.9,
parse,5000000,cpp,61.0,61.8,5000000 249997500000,1,5,35884,16.7,123.8,
parse,5000000,rust,77.1,77.4,5000000 249997500000,1,5,32804,3732.4,101.0,
parse,5000000,go,115.9,117.0,5000000 249997500000,1,5,146648,2385.6,15.5,
parse,5000000,csharp,250.0,255.4,5000000 249997500000,1,5,337000,5.0,629.3,
parse,5000000,java,188.5,192.0,5000000 249997500000,1,5,494660,1.6,183.4,
parse,5000000,node,702.7,745.5,5000000 249997500000,1,5,578468,,,
parse,5000000,python,931.1,933.8,5000000 249997500000,1,5,314228,,,
parse,5000000,tulpar,126.3,127.4,5000000 249997500000,1,5,450860,1402.5,69.3,
